Rank,Produto,Preço,URL
1,,Sem preço,https://www.zoom.com.brjavascript:void(0)
2,,Sem preço,https://www.zoom.com.brjavascript:void(0)
3,Celulares,Sem preço,https://www.zoom.com.br/celular/iphone
4,Celulares,Sem preço,https://www.zoom.com.br/celular/iphone
5,iPhone,Sem preço,https://www.zoom.com.br/celular/iphone
6,iPhone,Sem preço,https://www.zoom.com.br/celular/iphone
7,Sem título,Sem preço,
8,TV 32 polegadas,Sem preço,https://www.zoom.com.br/tv/tamanho-32-polegadas
9,TV 32 polegadas,Sem preço,https://www.zoom.com.br/tv/tamanho-32-polegadas
10,Sem título,Sem preço,
11,Lavadora Brastemp,Sem preço,https://www.zoom.com.br/lavadora-roupas/brastemp
12,Lavadora Brastemp,Sem preço,https://www.zoom.com.br/lavadora-roupas/brastemp
13,Sem título,Sem preço,
14,Notebook  Samsung,Sem preço,https://www.zoom.com.br/notebook/samsung
15,Notebook  Samsung,Sem preço,https://www.zoom.com.br/notebook/samsung
16,Sem título,Sem preço,
17,Geladeira Electrolux,Sem preço,https://www.zoom.com.br/geladeira/electrolux
18,Geladeira Electrolux,Sem preço,https://www.zoom.com.br/geladeira/electrolux
19,Sem título,Sem preço,
20,Ar-condicionado 7.500 BTUs,Sem preço,https://www.zoom.com.br/ar-condicionado/7-500-btus
21,Ar-condicionado 7.500 BTUs,Sem preço,https://www.zoom.com.br/ar-condicionado/7-500-btus
22,Sem título,Sem preço,
23,Fogão 4 bocas,Sem preço,https://www.zoom.com.br/fogao/4-bocas
24,Fogão 4 bocas,Sem preço,https://www.zoom.com.br/fogao/4-bocas
25,Sem título,Sem preço,
26,Playstation 4,Sem preço,https://www.zoom.com.br/console-de-video-game/playstation-4
27,Playstation 4,Sem preço,https://www.zoom.com.br/console-de-video-game/playstation-4
28,Sem título,Sem preço,
29,Automóveis e Veículos,Sem preço,https://www.zoom.com.br/automoveis-e-veiculos
30,Automóveis e Veículos,Sem preço,https://www.zoom.com.br/automoveis-e-veiculos
31,Sem título,Sem preço,
32,Sem título,Sem preço,
33,Todos os artigos,Sem preço,https://www.zoom.com.br/deumzoom
34,Todos os artigos,Sem preço,https://www.zoom.com.br/deumzoom
35,Sem título,Sem preço,
36,Lojas em destaque,Sem preço,https://www.zoom.com.br/cupom-de-desconto/amazon-1582
37,Lojas em destaque,Sem preço,https://www.zoom.com.br/cupom-de-desconto/amazon-1582
38,Cashback na Amazon,Sem preço,https://www.zoom.com.br/cupom-de-desconto/amazon-1582
39,Cashback na Amazon,Sem preço,https://www.zoom.com.br/cupom-de-desconto/amazon-1582
40,Sem título,Sem preço,
41,Sem título,Sem preço,
42,Celulares,Sem preço,https://www.zoom.com.br/celular/iphone
43,iPhone,Sem preço,https://www.zoom.com.br/celular/iphone
44,TV 32 polegadas,Sem preço,https://www.zoom.com.br/tv/tamanho-32-polegadas
45,Lavadora Brastemp,Sem preço,https://www.zoom.com.br/lavadora-roupas/brastemp
46,Notebook  Samsung,Sem preço,https://www.zoom.com.br/notebook/samsung
47,Geladeira Electrolux,Sem preço,https://www.zoom.com.br/geladeira/electrolux
48,Ar-condicionado 7.500 BTUs,Sem preço,https://www.zoom.com.br/ar-condicionado/7-500-btus
49,Fogão 4 bocas,Sem preço,https://www.zoom.com.br/fogao/4-bocas
50,Playstation 4,Sem preço,https://www.zoom.com.br/console-de-video-game/playstation-4
51,Automóveis e Veículos,Sem preço,https://www.zoom.com.br/automoveis-e-veiculos
52,Cashback na Amazon,Sem preço,https://www.zoom.com.br/cupom-de-desconto/amazon-1582
53,"1ºNotebook Gamer Lenovo LOQ-e 15IAX9E Intel Core i5 12450HX 15,6"" 16GB SSD 512GB Windows 11 83ME0007BR5 (1)Menor preço via Magazine LuizaR$ 4.250,16até 10x de R$ 494,21
            
          Frete Grátis 8% de volta na loja todaCompare entre 17 lojas","R$ 4.250,16",https://www.zoom.com.br/notebook/notebook-gamer-lenovo-83me0007br-intel-core-i5-12450h-15-16gb-ssd-512-gb-windows-11-geforce-rtx-3050?_lc=88&searchterm=notebook
54,"1ºNotebook Gamer Lenovo LOQ-e 15IAX9E Intel Core i5 12450HX 15,6"" 16GB SSD 512GB Windows 11 83ME0007BR5 (1)Menor preço via Magazine LuizaR$ 4.250,16até 10x de R$ 494,21
            
          Frete Grátis 8% de volta na loja todaCompare entre 17 lojas","R$ 4.250,16",https://www.zoom.com.br/notebook/notebook-gamer-lenovo-83me0007br-intel-core-i5-12450h-15-16gb-ssd-512-gb-windows-11-geforce-rtx-3050?_lc=88&searchterm=notebook
55,Sem título,Sem preço,
56,Sem título,Sem preço,
57,"Notebook Gamer Lenovo LOQ-e 15IAX9E Intel Core i5 12450HX 15,6"" 16GB SSD 512GB Windows 11 83ME0007BR","R$ 4.250,16",
58,Sem título,Sem preço,
59,"Notebook Gamer Lenovo LOQ-e 15IAX9E Intel Core i5 12450HX 15,6"" 16GB SSD 512GB Windows 11 83ME0007BR","R$ 4.250,16",
60,"Notebook Gamer Lenovo LOQ-e 15IAX9E Intel Core i5 12450HX 15,6"" 16GB SSD 512GB Windows 11 83ME0007BR",Sem preço,
61,Sem título,Sem preço,
62,Sem título,Sem preço,
63,"2ºIndicaNotebook Lenovo IdeaPad 1i Intel Core i5 1235U 15,6"" 8GB SSD 512GB Windows 11 82VY000QBR4.7 (172)Menor preço via PontoR$ 2.782,00até 12x de R$ 257,59
            
          Frete Grátis 0.5% de volta na loja todaCompare entre 16 lojas","R$ 2.782,00",https://www.zoom.com.br/notebook/notebook-lenovo-ideapad-1i-82vy000qbr-intel-core-i5-1235u-15-6-8gb-ssd-512-gb-windows-11?_lc=88&searchterm=notebook
64,"2ºIndicaNotebook Lenovo IdeaPad 1i Intel Core i5 1235U 15,6"" 8GB SSD 512GB Windows 11 82VY000QBR4.7 (172)Menor preço via PontoR$ 2.782,00até 12x de R$ 257,59
            
          Frete Grátis 0.5% de volta na loja todaCompare entre 16 lojas","R$ 2.782,00",https://www.zoom.com.br/notebook/notebook-lenovo-ideapad-1i-82vy000qbr-intel-core-i5-1235u-15-6-8gb-ssd-512-gb-windows-11?_lc=88&searchterm=notebook
65,Sem título,Sem preço,
66,Sem título,Sem preço,
67,"Notebook Lenovo IdeaPad 1i Intel Core i5 1235U 15,6"" 8GB SSD 512GB Windows 11 82VY000QBR","R$ 2.782,00",
68,Sem título,Sem preço,
69,"Notebook Lenovo IdeaPad 1i Intel Core i5 1235U 15,6"" 8GB SSD 512GB Windows 11 82VY000QBR","R$ 2.782,00",
70,"Notebook Lenovo IdeaPad 1i Intel Core i5 1235U 15,6"" 8GB SSD 512GB Windows 11 82VY000QBR",Sem preço,
71,Sem título,Sem preço,
72,Sem título,Sem preço,
73,"3ºIndicaNotebook Dell Inspiron 15 3520 Intel Core i3 1215U 15,6"" 8GB SSD 512GB Windows 11 i3520wadl1004w4.4 (79)Menor preço via AmazonR$ 2.849,00Compare entre 4 lojas","R$ 2.849,00",https://www.zoom.com.br/notebook/notebook-dell-inspiron-15-3520-i3520wadl1004w-intel-core-i3-1215u-15-6-8gb-ssd-512-gb-windows-11?_lc=88&searchterm=notebook
74,"3ºIndicaNotebook Dell Inspiron 15 3520 Intel Core i3 1215U 15,6"" 8GB SSD 512GB Windows 11 i3520wadl1004w4.4 (79)Menor preço via AmazonR$ 2.849,00Compare entre 4 lojas","R$ 2.849,00",https://www.zoom.com.br/notebook/notebook-dell-inspiron-15-3520-i3520wadl1004w-intel-core-i3-1215u-15-6-8gb-ssd-512-gb-windows-11?_lc=88&searchterm=notebook
75,Sem título,Sem preço,
76,Sem título,Sem preço,
77,"Notebook Dell Inspiron 15 3520 Intel Core i3 1215U 15,6"" 8GB SSD 512GB Windows 11 i3520wadl1004w","R$ 2.849,00",
78,Sem título,Sem preço,
79,"Notebook Dell Inspiron 15 3520 Intel Core i3 1215U 15,6"" 8GB SSD 512GB Windows 11 i3520wadl1004w","R$ 2.849,00",
80,"Notebook Dell Inspiron 15 3520 Intel Core i3 1215U 15,6"" 8GB SSD 512GB Windows 11 i3520wadl1004w",Sem preço,
81,Sem título,Sem preço,
82,Sem título,Sem preço,
83,"4ºIndicaNotebook Asus Vivobook Go 15 Intel Celeron Dual Core N4500 15,6"" 4GB SSD 128GB Windows 11 E510KA-BR808WS4.3 (126)Menor preço via ExtraR$ 1.613,70até 10x de R$ 179,30
            
           5% de volta na loja todaCompare entre 14 lojas","R$ 1.613,70",https://www.zoom.com.br/notebook/notebook-asus-vivobook-go-e510ka-br808ws-intel-celeron-dual-core-n4500-15-6-4gb-ssd-128-gb-windows-11?_lc=88&searchterm=notebook
84,"4ºIndicaNotebook Asus Vivobook Go 15 Intel Celeron Dual Core N4500 15,6"" 4GB SSD 128GB Windows 11 E510KA-BR808WS4.3 (126)Menor preço via ExtraR$ 1.613,70até 10x de R$ 179,30
            
           5% de volta na loja todaCompare entre 14 lojas","R$ 1.613,70",https://www.zoom.com.br/notebook/notebook-asus-vivobook-go-e510ka-br808ws-intel-celeron-dual-core-n4500-15-6-4gb-ssd-128-gb-windows-11?_lc=88&searchterm=notebook
85,Sem título,Sem preço,
86,Sem título,Sem preço,
87,"Notebook Asus Vivobook Go 15 Intel Celeron Dual Core N4500 15,6"" 4GB SSD 128GB Windows 11 E510KA-BR808WS","R$ 1.613,70",
88,Sem título,Sem preço,
89,"Notebook Asus Vivobook Go 15 Intel Celeron Dual Core N4500 15,6"" 4GB SSD 128GB Windows 11 E510KA-BR808WS","R$ 1.613,70",
90,"Notebook Asus Vivobook Go 15 Intel Celeron Dual Core N4500 15,6"" 4GB SSD 128GB Windows 11 E510KA-BR808WS",Sem preço,
91,Sem título,Sem preço,
92,Sem título,Sem preço,
93,"5ºIndicaNotebook Acer Aspire 5 Intel Core i5 12450H 8GB RAM 256GB SSD Windows 11 Tela Full HD 15.6 A515-57-55B84.7 (865)Menor preço via AmericanasR$ 2.885,00até 8x de R$ 400,69
            
          Compare entre 7 lojas","R$ 2.885,00",https://www.zoom.com.br/notebook/notebook-acer-aspire-5-a515-57-55b8-intel-core-i5-12450h-15-6-8gb-ssd-256-gb-windows-11?_lc=88&searchterm=notebook
94,"5ºIndicaNotebook Acer Aspire 5 Intel Core i5 12450H 8GB RAM 256GB SSD Windows 11 Tela Full HD 15.6 A515-57-55B84.7 (865)Menor preço via AmericanasR$ 2.885,00até 8x de R$ 400,69
            
          Compare entre 7 lojas","R$ 2.885,00",https://www.zoom.com.br/notebook/notebook-acer-aspire-5-a515-57-55b8-intel-core-i5-12450h-15-6-8gb-ssd-256-gb-windows-11?_lc=88&searchterm=notebook
95,Sem título,Sem preço,
96,Sem título,Sem preço,
97,Notebook Acer Aspire 5 Intel Core i5 12450H 8GB RAM 256GB SSD Windows 11 Tela Full HD 15.6 A515-57-55B8,"R$ 2.885,00",
98,Sem título,Sem preço,
99,Notebook Acer Aspire 5 Intel Core i5 12450H 8GB RAM 256GB SSD Windows 11 Tela Full HD 15.6 A515-57-55B8,"R$ 2.885,00",
100,Notebook Acer Aspire 5 Intel Core i5 12450H 8GB RAM 256GB SSD Windows 11 Tela Full HD 15.6 A515-57-55B8,Sem preço,
101,Sem título,Sem preço,
102,Sem título,Sem preço,
103,"6ºNotebook Acer Aspire 5 Ryzen 7-5700U 15,6? 12GB SSD 512GB Linux A515-45-R36L4.7 (897)Menor preço via Casas BahiaR$ 3.099,00até 12x de R$ 258,25
            
          Frete Grátis 10% de volta na loja todaCompare entre 6 lojas","R$ 3.099,00",https://www.zoom.com.br/notebook/notebook-acer-aspire-5-ryzen-7-5700u-15-6-12gb-ssd-512gb-linux-a515-45-r36l?_lc=88&searchterm=notebook
104,"6ºNotebook Acer Aspire 5 Ryzen 7-5700U 15,6? 12GB SSD 512GB Linux A515-45-R36L4.7 (897)Menor preço via Casas BahiaR$ 3.099,00até 12x de R$ 258,25
            
          Frete Grátis 10% de volta na loja todaCompare entre 6 lojas","R$ 3.099,00",https://www.zoom.com.br/notebook/notebook-acer-aspire-5-ryzen-7-5700u-15-6-12gb-ssd-512gb-linux-a515-45-r36l?_lc=88&searchterm=notebook
105,Sem título,Sem preço,
106,Sem título,Sem preço,
107,"Notebook Acer Aspire 5 Ryzen 7-5700U 15,6? 12GB SSD 512GB Linux A515-45-R36L","R$ 3.099,00",
108,Sem título,Sem preço,
109,"Notebook Acer Aspire 5 Ryzen 7-5700U 15,6? 12GB SSD 512GB Linux A515-45-R36L","R$ 3.099,00",
110,"Notebook Acer Aspire 5 Ryzen 7-5700U 15,6? 12GB SSD 512GB Linux A515-45-R36L",Sem preço,
111,Sem título,Sem preço,
112,Sem título,Sem preço,
113,"7ºNotebook Lenovo IdeaPad Slim 3i Intel Core i5 13420H 15,3"" 16GB SSD 512GB Windows 11 83NS0001BRMenor preço via Magazine LuizaR$ 3.169,13até 10x de R$ 368,50
            
          Frete Grátis 8% de volta na loja todaCompare entre 7 lojas","R$ 3.169,13",https://www.zoom.com.br/notebook/notebook-lenovo-ideapad-83ns0001br-intel-core-i5-13420h-15-16gb-ssd-512-gb-windows-11?_lc=88&searchterm=notebook
114,"7ºNotebook Lenovo IdeaPad Slim 3i Intel Core i5 13420H 15,3"" 16GB SSD 512GB Windows 11 83NS0001BRMenor preço via Magazine LuizaR$ 3.169,13até 10x de R$ 368,50
            
          Frete Grátis 8% de volta na loja todaCompare entre 7 lojas","R$ 3.169,13",https://www.zoom.com.br/notebook/notebook-lenovo-ideapad-83ns0001br-intel-core-i5-13420h-15-16gb-ssd-512-gb-windows-11?_lc=88&searchterm=notebook
115,Sem título,Sem preço,
116,Sem título,Sem preço,
117,"Notebook Lenovo IdeaPad Slim 3i Intel Core i5 13420H 15,3"" 16GB SSD 512GB Windows 11 83NS0001BR","R$ 3.169,13",
118,Sem título,Sem preço,
119,"Notebook Lenovo IdeaPad Slim 3i Intel Core i5 13420H 15,3"" 16GB SSD 512GB Windows 11 83NS0001BR","R$ 3.169,13",
120,"Notebook Lenovo IdeaPad Slim 3i Intel Core i5 13420H 15,3"" 16GB SSD 512GB Windows 11 83NS0001BR",Sem preço,
121,Sem título,Sem preço,
122,"8ºNotebook Samsung Galaxy Book4 Intel Core i5-1335U 15,6"" 16GB SSD 512GB Windows 11 NP750XGJ-KG2BRMenor preço via Magazine LuizaR$ 3.989,05até 10x de R$ 419,90
            
          Frete Grátis 8% de volta na loja todaCompare entre 3 lojas","R$ 3.989,05",https://www.zoom.com.br/notebook/notebook-samsung-book-np750xgj-kg2br-intel-core-i5-1335u-15-6-16gb-ssd-512-gb-windows-11?_lc=88&searchterm=notebook
123,"8ºNotebook Samsung Galaxy Book4 Intel Core i5-1335U 15,6"" 16GB SSD 512GB Windows 11 NP750XGJ-KG2BRMenor preço via Magazine LuizaR$ 3.989,05até 10x de R$ 419,90
            
          Frete Grátis 8% de volta na loja todaCompare entre 3 lojas","R$ 3.989,05",https://www.zoom.com.br/notebook/notebook-samsung-book-np750xgj-kg2br-intel-core-i5-1335u-15-6-16gb-ssd-512-gb-windows-11?_lc=88&searchterm=notebook
124,Sem título,Sem preço,
125,Sem título,Sem preço,
126,"Notebook Samsung Galaxy Book4 Intel Core i5-1335U 15,6"" 16GB SSD 512GB Windows 11 NP750XGJ-KG2BR","R$ 3.989,05",
127,Sem título,Sem preço,
128,"Notebook Samsung Galaxy Book4 Intel Core i5-1335U 15,6"" 16GB SSD 512GB Windows 11 NP750XGJ-KG2BR","R$ 3.989,05",
129,"Notebook Samsung Galaxy Book4 Intel Core i5-1335U 15,6"" 16GB SSD 512GB Windows 11 NP750XGJ-KG2BR",Sem preço,
130,Sem título,Sem preço,
131,"9ºIndicaNotebook 2 em 1 Samsung Galaxy Book3 360 NP730QFG-KF2BR Intel Core i5 1335U 13,3"" 8GB SSD 256 GB Windows 11 Caneta Digital Leitor Biométrico Touchscreen4.8 (154)Menor preço via PontoR$ 4.216,89até 10x de R$ 421,69
            
           0.5% de volta na loja todaCompare entre 3 lojas","R$ 4.216,89",https://www.zoom.com.br/notebook/notebook-2-em-1-samsung-galaxy-book3-360-np730qfg-kf2br-intel-core-i5-1335u-13-3-8gb-ssd-256-gb-windows-11-caneta-digital-leitor-biometrico-touchscreen?_lc=88&searchterm=notebook
132,"9ºIndicaNotebook 2 em 1 Samsung Galaxy Book3 360 NP730QFG-KF2BR Intel Core i5 1335U 13,3"" 8GB SSD 256 GB Windows 11 Caneta Digital Leitor Biométrico Touchscreen4.8 (154)Menor preço via PontoR$ 4.216,89até 10x de R$ 421,69
            
           0.5% de volta na loja todaCompare entre 3 lojas","R$ 4.216,89",https://www.zoom.com.br/notebook/notebook-2-em-1-samsung-galaxy-book3-360-np730qfg-kf2br-intel-core-i5-1335u-13-3-8gb-ssd-256-gb-windows-11-caneta-digital-leitor-biometrico-touchscreen?_lc=88&searchterm=notebook
133,Sem título,Sem preço,
134,Sem título,Sem preço,
135,"Notebook 2 em 1 Samsung Galaxy Book3 360 NP730QFG-KF2BR Intel Core i5 1335U 13,3"" 8GB SSD 256 GB Windows 11 Caneta Digital Leitor Biométrico Touchscreen","R$ 4.216,89",
136,Sem título,Sem preço,
137,"Notebook 2 em 1 Samsung Galaxy Book3 360 NP730QFG-KF2BR Intel Core i5 1335U 13,3"" 8GB SSD 256 GB Windows 11 Caneta Digital Leitor Biométrico Touchscreen","R$ 4.216,89",
138,"Notebook 2 em 1 Samsung Galaxy Book3 360 NP730QFG-KF2BR Intel Core i5 1335U 13,3"" 8GB SSD 256 GB Windows 11 Caneta Digital Leitor Biométrico Touchscreen",Sem preço,
139,Sem título,Sem preço,
140,Sem título,Sem preço,
141,"10ºNotebook Asus VivoBook 15 Intel Core i5 1334U 15,6"" 8GB SSD 256GB Windows 11 X1504VA-NJ1737WMenor preço via Fast ShopR$ 2.669,11 0.5% de volta na loja todaCompare entre 9 lojas","R$ 2.669,11",https://www.zoom.com.br/notebook/notebook-asus-vivobook-15-x1504va-nj1737w-intel-core-i5-1334u-15-8gb-ssd-256-gb-windows-11?_lc=88&searchterm=notebook
142,"10ºNotebook Asus VivoBook 15 Intel Core i5 1334U 15,6"" 8GB SSD 256GB Windows 11 X1504VA-NJ1737WMenor preço via Fast ShopR$ 2.669,11 0.5% de volta na loja todaCompare entre 9 lojas","R$ 2.669,11",https://www.zoom.com.br/notebook/notebook-asus-vivobook-15-x1504va-nj1737w-intel-core-i5-1334u-15-8gb-ssd-256-gb-windows-11?_lc=88&searchterm=notebook
143,Sem título,Sem preço,
144,Sem título,Sem preço,
145,"Notebook Asus VivoBook 15 Intel Core i5 1334U 15,6"" 8GB SSD 256GB Windows 11 X1504VA-NJ1737W","R$ 2.669,11",
146,Sem título,Sem preço,
147,"Notebook Asus VivoBook 15 Intel Core i5 1334U 15,6"" 8GB SSD 256GB Windows 11 X1504VA-NJ1737W","R$ 2.669,11",
148,"Notebook Asus VivoBook 15 Intel Core i5 1334U 15,6"" 8GB SSD 256GB Windows 11 X1504VA-NJ1737W",Sem preço,
149,Sem título,Sem preço,
150,"Notebook Dell Inspiron 15 3530 Intel i5 1335U 15,6"" 16GB SSD 512GB Windows 11 brpichbto3530gqpbw4.8 (9)Menor preço via Magazine LuizaR$ 3.782,03até 10x de R$ 389,90
            
          Frete Grátis 8% de volta na loja todaCompare entre 5 lojas","R$ 3.782,03",https://www.zoom.com.br/notebook/notebook-dell-inspiron-brpichbto3530gqpbw-intel-core-i5-1335u-15-6-16gb-ssd-512-gb-windows-11?_lc=88&searchterm=notebook
151,"Notebook Dell Inspiron 15 3530 Intel i5 1335U 15,6"" 16GB SSD 512GB Windows 11 brpichbto3530gqpbw4.8 (9)Menor preço via Magazine LuizaR$ 3.782,03até 10x de R$ 389,90
            
          Frete Grátis 8% de volta na loja todaCompare entre 5 lojas","R$ 3.782,03",https://www.zoom.com.br/notebook/notebook-dell-inspiron-brpichbto3530gqpbw-intel-core-i5-1335u-15-6-16gb-ssd-512-gb-windows-11?_lc=88&searchterm=notebook
152,Sem título,Sem preço,
153,Sem título,Sem preço,
154,"Notebook Dell Inspiron 15 3530 Intel i5 1335U 15,6"" 16GB SSD 512GB Windows 11 brpichbto3530gqpbw","R$ 3.782,03",
155,Sem título,Sem preço,
156,"Notebook Dell Inspiron 15 3530 Intel i5 1335U 15,6"" 16GB SSD 512GB Windows 11 brpichbto3530gqpbw","R$ 3.782,03",
157,"Notebook Dell Inspiron 15 3530 Intel i5 1335U 15,6"" 16GB SSD 512GB Windows 11 brpichbto3530gqpbw",Sem preço,
158,Sem título,Sem preço,
159,Sem título,Sem preço,
160,"IndicaNotebook Acer Aspire 3 A315-510P-34XC Intel Core i3 N305 15,6"" 8GB SSD 256 GB Windows 114.7 (237)Menor preço via Casas BahiaR$ 2.458,00até 12x de R$ 227,59
            
          Frete Grátis 10% de volta na loja todaCompare entre 15 lojas","R$ 2.458,00",https://www.zoom.com.br/notebook/notebook-acer-aspire-3-a315-510p-34xc-intel-core-i3-n305-15-6-8gb-ssd-256-gb-windows-11?_lc=88&searchterm=notebook
161,"IndicaNotebook Acer Aspire 3 A315-510P-34XC Intel Core i3 N305 15,6"" 8GB SSD 256 GB Windows 114.7 (237)Menor preço via Casas BahiaR$ 2.458,00até 12x de R$ 227,59
            
          Frete Grátis 10% de volta na loja todaCompare entre 15 lojas","R$ 2.458,00",https://www.zoom.com.br/notebook/notebook-acer-aspire-3-a315-510p-34xc-intel-core-i3-n305-15-6-8gb-ssd-256-gb-windows-11?_lc=88&searchterm=notebook
162,Sem título,Sem preço,
163,Sem título,Sem preço,
164,"Notebook Acer Aspire 3 A315-510P-34XC Intel Core i3 N305 15,6"" 8GB SSD 256 GB Windows 11","R$ 2.458,00",
165,Sem título,Sem preço,
166,"Notebook Acer Aspire 3 A315-510P-34XC Intel Core i3 N305 15,6"" 8GB SSD 256 GB Windows 11","R$ 2.458,00",
167,"Notebook Acer Aspire 3 A315-510P-34XC Intel Core i3 N305 15,6"" 8GB SSD 256 GB Windows 11",Sem preço,
168,Sem título,Sem preço,
169,Sem título,Sem preço,
170,"Notebook Gamer Acer Nitro V 15 Intel Core i5 13420H RTX 3050 15,6"" 8GB SSD 512GB Linux ANV15-51-57WS4 (10)Menor preço via Fast ShopR$ 4.404,28 0.5% de volta na loja todaCompare entre 6 lojas","R$ 4.404,28",https://www.zoom.com.br/notebook/notebook-gamer-acer-nitro-v-anv15-51-57ws-intel-core-i5-13420h-15-6-8gb-ssd-512-gb-linux-geforce-rtx-3050?_lc=88&searchterm=notebook
171,"Notebook Gamer Acer Nitro V 15 Intel Core i5 13420H RTX 3050 15,6"" 8GB SSD 512GB Linux ANV15-51-57WS4 (10)Menor preço via Fast ShopR$ 4.404,28 0.5% de volta na loja todaCompare entre 6 lojas","R$ 4.404,28",https://www.zoom.com.br/notebook/notebook-gamer-acer-nitro-v-anv15-51-57ws-intel-core-i5-13420h-15-6-8gb-ssd-512-gb-linux-geforce-rtx-3050?_lc=88&searchterm=notebook
172,Sem título,Sem preço,
173,Sem título,Sem preço,
174,"Notebook Gamer Acer Nitro V 15 Intel Core i5 13420H RTX 3050 15,6"" 8GB SSD 512GB Linux ANV15-51-57WS","R$ 4.404,28",
175,Sem título,Sem preço,
176,"Notebook Gamer Acer Nitro V 15 Intel Core i5 13420H RTX 3050 15,6"" 8GB SSD 512GB Linux ANV15-51-57WS","R$ 4.404,28",
177,"Notebook Gamer Acer Nitro V 15 Intel Core i5 13420H RTX 3050 15,6"" 8GB SSD 512GB Linux ANV15-51-57WS",Sem preço,
178,Sem título,Sem preço,
179,Sem título,Sem preço,
180,"Notebook Lenovo IdeaPad 1 AMD Ryzen 5 7520U 15,6"" 8GB SSD 512GB Windows 11 82X5000GBR4.9 (22)Menor preço via Magazine LuizaR$ 2.321,14até 10x de R$ 269,90
            
          Frete Grátis 8% de volta na loja todaCompare entre 7 lojas","R$ 2.321,14",https://www.zoom.com.br/notebook/notebook-lenovo-ideapad-1-82x5000gbr-amd-ryzen-5-7520u-15-6-8gb-ssd-512-gb-windows-11?_lc=88&searchterm=notebook
181,"Notebook Lenovo IdeaPad 1 AMD Ryzen 5 7520U 15,6"" 8GB SSD 512GB Windows 11 82X5000GBR4.9 (22)Menor preço via Magazine LuizaR$ 2.321,14até 10x de R$ 269,90
            
          Frete Grátis 8% de volta na loja todaCompare entre 7 lojas","R$ 2.321,14",https://www.zoom.com.br/notebook/notebook-lenovo-ideapad-1-82x5000gbr-amd-ryzen-5-7520u-15-6-8gb-ssd-512-gb-windows-11?_lc=88&searchterm=notebook
182,Sem título,Sem preço,
183,Sem título,Sem preço,
184,"Notebook Lenovo IdeaPad 1 AMD Ryzen 5 7520U 15,6"" 8GB SSD 512GB Windows 11 82X5000GBR","R$ 2.321,14",
185,Sem título,Sem preço,
186,"Notebook Lenovo IdeaPad 1 AMD Ryzen 5 7520U 15,6"" 8GB SSD 512GB Windows 11 82X5000GBR","R$ 2.321,14",
187,"Notebook Lenovo IdeaPad 1 AMD Ryzen 5 7520U 15,6"" 8GB SSD 512GB Windows 11 82X5000GBR",Sem preço,
188,Sem título,Sem preço,
189,Sem título,Sem preço,
190,"Notebook Dell Inspiron 15 3520 Intel Core i5 1235U 15,6"" 16GB SSD 512GB Windows 11 i3520wadl1012w4.4 (68)Menor preço via ExtraR$ 3.365,10até 10x de R$ 373,90
            
          Frete Grátis 5% de volta na loja todaCompare entre 3 lojas","R$ 3.365,10",https://www.zoom.com.br/notebook/notebook-dell-inspiron-15-3520-i3520uadl1012w-intel-core-i5-1235u-15-6-16gb-ssd-512-gb-windows-11-leitor-biometrico?_lc=88&searchterm=notebook
191,"Notebook Dell Inspiron 15 3520 Intel Core i5 1235U 15,6"" 16GB SSD 512GB Windows 11 i3520wadl1012w4.4 (68)Menor preço via ExtraR$ 3.365,10até 10x de R$ 373,90
            
          Frete Grátis 5% de volta na loja todaCompare entre 3 lojas","R$ 3.365,10",https://www.zoom.com.br/notebook/notebook-dell-inspiron-15-3520-i3520uadl1012w-intel-core-i5-1235u-15-6-16gb-ssd-512-gb-windows-11-leitor-biometrico?_lc=88&searchterm=notebook
192,Sem título,Sem preço,
193,Sem título,Sem preço,
194,"Notebook Dell Inspiron 15 3520 Intel Core i5 1235U 15,6"" 16GB SSD 512GB Windows 11 i3520wadl1012w","R$ 3.365,10",
195,Sem título,Sem preço,
196,"Notebook Dell Inspiron 15 3520 Intel Core i5 1235U 15,6"" 16GB SSD 512GB Windows 11 i3520wadl1012w","R$ 3.365,10",
197,"Notebook Dell Inspiron 15 3520 Intel Core i5 1235U 15,6"" 16GB SSD 512GB Windows 11 i3520wadl1012w",Sem preço,
198,Sem título,Sem preço,
199,Sem título,Sem preço,
200,"Notebook Dell Inspiron 15 Intel Core i5 1235U 15,6"" 16GB SSD 1TB Windows 11 I15-I120K-A35PMenor preço via Magazine LuizaR$ 3.959,10até 10x de R$ 439,90
            
          Frete Grátis 8% de volta na loja todaCompare entre 4 lojas","R$ 3.959,10",https://www.zoom.com.br/notebook/notebook-dell-inspiron-15-i15-i120k-a35p-intel-core-i5-1235u-15-6-16gb-ssd-1-tb-windows-11?_lc=88&searchterm=notebook
201,"Notebook Dell Inspiron 15 Intel Core i5 1235U 15,6"" 16GB SSD 1TB Windows 11 I15-I120K-A35PMenor preço via Magazine LuizaR$ 3.959,10até 10x de R$ 439,90
            
          Frete Grátis 8% de volta na loja todaCompare entre 4 lojas","R$ 3.959,10",https://www.zoom.com.br/notebook/notebook-dell-inspiron-15-i15-i120k-a35p-intel-core-i5-1235u-15-6-16gb-ssd-1-tb-windows-11?_lc=88&searchterm=notebook
202,Sem título,Sem preço,
203,Sem título,Sem preço,
204,"Notebook Dell Inspiron 15 Intel Core i5 1235U 15,6"" 16GB SSD 1TB Windows 11 I15-I120K-A35P","R$ 3.959,10",
205,Sem título,Sem preço,
206,"Notebook Dell Inspiron 15 Intel Core i5 1235U 15,6"" 16GB SSD 1TB Windows 11 I15-I120K-A35P","R$ 3.959,10",
207,"Notebook Dell Inspiron 15 Intel Core i5 1235U 15,6"" 16GB SSD 1TB Windows 11 I15-I120K-A35P",Sem preço,
208,Sem título,Sem preço,
209,"Notebook Gamer Acer Nitro V Intel Core i7-13620H RTX 4050 15,6' 16GB SSD 512GB Linux ANV15-51-7037 Menor preço via Casas BahiaR$ 6.349,00até 12x de R$ 529,08
            
          Frete Grátis 10% de volta na loja todaCompare entre 4 lojas","R$ 6.349,00",https://www.zoom.com.br/notebook/notebook-gamer-acer-nitro-v-anv15-51-7037-intel-core-i7-13620h-15-6-16gb-ssd-512-gb-linux-geforce-rtx-4050?_lc=88&searchterm=notebook
210,"Notebook Gamer Acer Nitro V Intel Core i7-13620H RTX 4050 15,6' 16GB SSD 512GB Linux ANV15-51-7037 Menor preço via Casas BahiaR$ 6.349,00até 12x de R$ 529,08
            
          Frete Grátis 10% de volta na loja todaCompare entre 4 lojas","R$ 6.349,00",https://www.zoom.com.br/notebook/notebook-gamer-acer-nitro-v-anv15-51-7037-intel-core-i7-13620h-15-6-16gb-ssd-512-gb-linux-geforce-rtx-4050?_lc=88&searchterm=notebook
211,Sem título,Sem preço,
212,Sem título,Sem preço,
213,"Notebook Gamer Acer Nitro V Intel Core i7-13620H RTX 4050 15,6' 16GB SSD 512GB Linux ANV15-51-7037","R$ 6.349,00",
214,Sem título,Sem preço,
215,"Notebook Gamer Acer Nitro V Intel Core i7-13620H RTX 4050 15,6' 16GB SSD 512GB Linux ANV15-51-7037","R$ 6.349,00",
216,"Notebook Gamer Acer Nitro V Intel Core i7-13620H RTX 4050 15,6' 16GB SSD 512GB Linux ANV15-51-7037",Sem preço,
217,Sem título,Sem preço,
218,"IndicaNotebook Gamer Acer Nitro V 15 Intel Core i5 13420H RTX 3050 15,6"" 8GB SSD 512GB Windows 11 ANV15-51-58AZ4.7 (390)Menor preço via AmazonR$ 4.826,00Compare entre 11 lojas","R$ 4.826,00",https://www.zoom.com.br/notebook/notebook-gamer-acer-nitro-v-anv15-51-58az-intel-core-i5-13420h-15-6-8gb-ssd-512-gb-windows-11-geforce-rtx-3050?_lc=88&searchterm=notebook
219,"IndicaNotebook Gamer Acer Nitro V 15 Intel Core i5 13420H RTX 3050 15,6"" 8GB SSD 512GB Windows 11 ANV15-51-58AZ4.7 (390)Menor preço via AmazonR$ 4.826,00Compare entre 11 lojas","R$ 4.826,00",https://www.zoom.com.br/notebook/notebook-gamer-acer-nitro-v-anv15-51-58az-intel-core-i5-13420h-15-6-8gb-ssd-512-gb-windows-11-geforce-rtx-3050?_lc=88&searchterm=notebook
220,Sem título,Sem preço,
221,Sem título,Sem preço,
222,"Notebook Gamer Acer Nitro V 15 Intel Core i5 13420H RTX 3050 15,6"" 8GB SSD 512GB Windows 11 ANV15-51-58AZ","R$ 4.826,00",
223,Sem título,Sem preço,
224,"Notebook Gamer Acer Nitro V 15 Intel Core i5 13420H RTX 3050 15,6"" 8GB SSD 512GB Windows 11 ANV15-51-58AZ","R$ 4.826,00",
225,"Notebook Gamer Acer Nitro V 15 Intel Core i5 13420H RTX 3050 15,6"" 8GB SSD 512GB Windows 11 ANV15-51-58AZ",Sem preço,
226,Sem título,Sem preço,
227,Sem título,Sem preço,
228,"Notebook Samsung Galaxy Book4 Intel Core i5-1335U 15,6"" 8GB SSD 256GB Windows 11 NP750XGJ-KG4BRMenor preço via ExtraR$ 3.419,33até 10x de R$ 341,93
            
          Frete Grátis 5% de volta na loja todaCompare entre 6 lojas","R$ 3.419,33",https://www.zoom.com.br/notebook/notebook-samsung-book-np750xgj-kg4br-intel-core-i5-1335u-15-6-8gb-ssd-256-gb-windows-11?_lc=88&searchterm=notebook
229,"Notebook Samsung Galaxy Book4 Intel Core i5-1335U 15,6"" 8GB SSD 256GB Windows 11 NP750XGJ-KG4BRMenor preço via ExtraR$ 3.419,33até 10x de R$ 341,93
            
          Frete Grátis 5% de volta na loja todaCompare entre 6 lojas","R$ 3.419,33",https://www.zoom.com.br/notebook/notebook-samsung-book-np750xgj-kg4br-intel-core-i5-1335u-15-6-8gb-ssd-256-gb-windows-11?_lc=88&searchterm=notebook
230,Sem título,Sem preço,
231,Sem título,Sem preço,
232,"Notebook Samsung Galaxy Book4 Intel Core i5-1335U 15,6"" 8GB SSD 256GB Windows 11 NP750XGJ-KG4BR","R$ 3.419,33",
233,Sem título,Sem preço,
234,"Notebook Samsung Galaxy Book4 Intel Core i5-1335U 15,6"" 8GB SSD 256GB Windows 11 NP750XGJ-KG4BR","R$ 3.419,33",
235,"Notebook Samsung Galaxy Book4 Intel Core i5-1335U 15,6"" 8GB SSD 256GB Windows 11 NP750XGJ-KG4BR",Sem preço,
236,Sem título,Sem preço,
237,"Notebook Gamer Dell G15 5530 Intel Core i5 13450HX RTX 3050 15,6"" 8GB SSD 256GB Windows 11 G15-i1300-M10Menor preço via Casas BahiaR$ 4.499,10até 12x de R$ 416,58
            
           10% de volta na loja todaCompare entre 2 lojas","R$ 4.499,10",https://www.zoom.com.br/notebook/notebook-gamer-dell-g-series-g15-5530-g15-i1300-m10-intel-core-i5-13450hx-15-6-8gb-ssd-256-gb-windows-11-geforce-rtx-3050?_lc=88&searchterm=notebook
238,"Notebook Gamer Dell G15 5530 Intel Core i5 13450HX RTX 3050 15,6"" 8GB SSD 256GB Windows 11 G15-i1300-M10Menor preço via Casas BahiaR$ 4.499,10até 12x de R$ 416,58
            
           10% de volta na loja todaCompare entre 2 lojas","R$ 4.499,10",https://www.zoom.com.br/notebook/notebook-gamer-dell-g-series-g15-5530-g15-i1300-m10-intel-core-i5-13450hx-15-6-8gb-ssd-256-gb-windows-11-geforce-rtx-3050?_lc=88&searchterm=notebook
239,Sem título,Sem preço,
240,Sem título,Sem preço,
241,"Notebook Gamer Dell G15 5530 Intel Core i5 13450HX RTX 3050 15,6"" 8GB SSD 256GB Windows 11 G15-i1300-M10","R$ 4.499,10",
242,Sem título,Sem preço,
243,"Notebook Gamer Dell G15 5530 Intel Core i5 13450HX RTX 3050 15,6"" 8GB SSD 256GB Windows 11 G15-i1300-M10","R$ 4.499,10",
244,"Notebook Gamer Dell G15 5530 Intel Core i5 13450HX RTX 3050 15,6"" 8GB SSD 256GB Windows 11 G15-i1300-M10",Sem preço,
245,Sem título,Sem preço,
246,"Notebook Lenovo IdeaPad Slim 3i Intel Core i5 13420H 15,3"" 8GB SSD 512GB Linux 83NSS00000Menor preço via Magazine LuizaR$ 2.668,61até 10x de R$ 310,30
            
          Frete Grátis 8% de volta na loja todaCompare entre 8 lojas","R$ 2.668,61",https://www.zoom.com.br/notebook/notebook-lenovo-ideapad-83nss00000-intel-core-i5-13420h-15-8gb-ssd-512-gb-linux?_lc=88&searchterm=notebook
247,"Notebook Lenovo IdeaPad Slim 3i Intel Core i5 13420H 15,3"" 8GB SSD 512GB Linux 83NSS00000Menor preço via Magazine LuizaR$ 2.668,61até 10x de R$ 310,30
            
          Frete Grátis 8% de volta na loja todaCompare entre 8 lojas","R$ 2.668,61",https://www.zoom.com.br/notebook/notebook-lenovo-ideapad-83nss00000-intel-core-i5-13420h-15-8gb-ssd-512-gb-linux?_lc=88&searchterm=notebook
248,Sem título,Sem preço,
249,Sem título,Sem preço,
250,"Notebook Lenovo IdeaPad Slim 3i Intel Core i5 13420H 15,3"" 8GB SSD 512GB Linux 83NSS00000","R$ 2.668,61",
251,Sem título,Sem preço,
252,"Notebook Lenovo IdeaPad Slim 3i Intel Core i5 13420H 15,3"" 8GB SSD 512GB Linux 83NSS00000","R$ 2.668,61",
253,"Notebook Lenovo IdeaPad Slim 3i Intel Core i5 13420H 15,3"" 8GB SSD 512GB Linux 83NSS00000",Sem preço,
254,Sem título,Sem preço,
255,"IndicaNotebook Samsung Galaxy Book4 Intel Core i5 1335U 15,6"" 8GB SSD 512GB Windows 11 NP750XGJ-KG3BR4.7 (259)Menor preço via Magazine LuizaR$ 3.827,55até 10x de R$ 402,90
            
          Frete Grátis 8% de volta na loja todaCompare entre 5 lojas","R$ 3.827,55",https://www.zoom.com.br/notebook/notebook-samsung-book-np750xgj-kg3br-intel-core-i5-1335u-15-6-8gb-ssd-512-gb-windows-11?_lc=88&searchterm=notebook
256,"IndicaNotebook Samsung Galaxy Book4 Intel Core i5 1335U 15,6"" 8GB SSD 512GB Windows 11 NP750XGJ-KG3BR4.7 (259)Menor preço via Magazine LuizaR$ 3.827,55até 10x de R$ 402,90
            
          Frete Grátis 8% de volta na loja todaCompare entre 5 lojas","R$ 3.827,55",https://www.zoom.com.br/notebook/notebook-samsung-book-np750xgj-kg3br-intel-core-i5-1335u-15-6-8gb-ssd-512-gb-windows-11?_lc=88&searchterm=notebook
257,Sem título,Sem preço,
258,Sem título,Sem preço,
259,"Notebook Samsung Galaxy Book4 Intel Core i5 1335U 15,6"" 8GB SSD 512GB Windows 11 NP750XGJ-KG3BR","R$ 3.827,55",
260,Sem título,Sem preço,
261,"Notebook Samsung Galaxy Book4 Intel Core i5 1335U 15,6"" 8GB SSD 512GB Windows 11 NP750XGJ-KG3BR","R$ 3.827,55",
262,"Notebook Samsung Galaxy Book4 Intel Core i5 1335U 15,6"" 8GB SSD 512GB Windows 11 NP750XGJ-KG3BR",Sem preço,
263,Sem título,Sem preço,
264,Sem título,Sem preço,
265,"Notebook Lenovo Ideapad 1 AMD Ryzen 3-7320U 15,6"" 8GB SSD 256GB Windows 11 82X5000ABR4.6 (17)Menor preço via Magazine LuizaR$ 1.999,00até 10x de R$ 232,44
            
          Frete Grátis 8% de volta na loja todaCompare entre 7 lojas","R$ 1.999,00",https://www.zoom.com.br/notebook/notebook-lenovo-ideapad-1-82x5000abr-amd-ryzen-3-7320u-15-6-8gb-ssd-256-gb-windows-11?_lc=88&searchterm=notebook
266,"Notebook Lenovo Ideapad 1 AMD Ryzen 3-7320U 15,6"" 8GB SSD 256GB Windows 11 82X5000ABR4.6 (17)Menor preço via Magazine LuizaR$ 1.999,00até 10x de R$ 232,44
            
          Frete Grátis 8% de volta na loja todaCompare entre 7 lojas","R$ 1.999,00",https://www.zoom.com.br/notebook/notebook-lenovo-ideapad-1-82x5000abr-amd-ryzen-3-7320u-15-6-8gb-ssd-256-gb-windows-11?_lc=88&searchterm=notebook
267,Sem título,Sem preço,
268,Sem título,Sem preço,
269,"Notebook Lenovo Ideapad 1 AMD Ryzen 3-7320U 15,6"" 8GB SSD 256GB Windows 11 82X5000ABR","R$ 1.999,00",
270,Sem título,Sem preço,
271,"Notebook Lenovo Ideapad 1 AMD Ryzen 3-7320U 15,6"" 8GB SSD 256GB Windows 11 82X5000ABR","R$ 1.999,00",
272,"Notebook Lenovo Ideapad 1 AMD Ryzen 3-7320U 15,6"" 8GB SSD 256GB Windows 11 82X5000ABR",Sem preço,
273,Sem título,Sem preço,
274,Sem título,Sem preço,
275,"Notebook Samsung Galaxy Book4 Intel Core i7-1355U 15,6"" 16GB SSD 512GB Windows 11 NP750XGJ-KG1BR4.5 (66)Menor preço via ExtraR$ 4.839,12até 10x de R$ 549,90
            
          Frete Grátis 5% de volta na loja todaCompare entre 3 lojas","R$ 4.839,12",https://www.zoom.com.br/notebook/notebook-samsung-book-np750xgj-kg1br-intel-core-i7-1355u-15-6-16gb-ssd-512-gb-windows-11?_lc=88&searchterm=notebook
276,"Notebook Samsung Galaxy Book4 Intel Core i7-1355U 15,6"" 16GB SSD 512GB Windows 11 NP750XGJ-KG1BR4.5 (66)Menor preço via ExtraR$ 4.839,12até 10x de R$ 549,90
            
          Frete Grátis 5% de volta na loja todaCompare entre 3 lojas","R$ 4.839,12",https://www.zoom.com.br/notebook/notebook-samsung-book-np750xgj-kg1br-intel-core-i7-1355u-15-6-16gb-ssd-512-gb-windows-11?_lc=88&searchterm=notebook
277,Sem título,Sem preço,
278,Sem título,Sem preço,
279,"Notebook Samsung Galaxy Book4 Intel Core i7-1355U 15,6"" 16GB SSD 512GB Windows 11 NP750XGJ-KG1BR","R$ 4.839,12",
280,Sem título,Sem preço,
281,"Notebook Samsung Galaxy Book4 Intel Core i7-1355U 15,6"" 16GB SSD 512GB Windows 11 NP750XGJ-KG1BR","R$ 4.839,12",
282,"Notebook Samsung Galaxy Book4 Intel Core i7-1355U 15,6"" 16GB SSD 512GB Windows 11 NP750XGJ-KG1BR",Sem preço,
283,Sem título,Sem preço,
284,Sem título,Sem preço,
285,Sem título,Sem preço,
286,Sem título,até R$ 86,
287,Sem título,até R$ 86,
288,Sem título,até R$ 86,
289,Sem título,R$ 86 a R$ 109,
290,Sem título,mais de R$ 109,
291,IndicaProdutos indicados por Especialistas Zoom. (+100),Sem preço,https://www.zoom.com.br/search?q=notebook&hitsPerPage=24&refinements%5B0%5D%5Bid%5D=stamps&refinements%5B0%5D%5Bvalues%5D%5B0%5D=EditorPick&sortBy=default&enableRefinementsSuggestions=true&isDealsPage=false
292,Sem título,Sem preço,
293,Sem título,Sem preço,
294,#praeditarvideo(26),Sem preço,https://www.zoom.com.br/search?q=notebook&hitsPerPage=24&refinements%5B0%5D%5Bid%5D=productTags.EDITORIAL&refinements%5B0%5D%5Bvalues%5D%5B0%5D=pra-editar-video&sortBy=default&enableRefinementsSuggestions=true&isDealsPage=false
295,Amazon(+100),Sem preço,https://www.zoom.com.br/search?q=notebook&hitsPerPage=24&refinements%5B0%5D%5Bid%5D=bestSellingMerchantName&refinements%5B0%5D%5Bvalues%5D%5B0%5D=Amazon&sortBy=default&enableRefinementsSuggestions=true&isDealsPage=false
296,Todas(+100),Sem preço,https://www.zoom.com.br/search?q=notebook&hitsPerPage=24&refinements%5B0%5D%5Bid%5D=rating&refinements%5B0%5D%5Branges%5D%5Bmin%5D=0&sortBy=default&isDealsPage=false&enableRefinementsSuggestions=true
297,Todas(+100),Sem preço,https://www.zoom.com.br/search?q=notebook&hitsPerPage=24&refinements%5B0%5D%5Bid%5D=rating&refinements%5B0%5D%5Branges%5D%5Bmin%5D=0&sortBy=default&isDealsPage=false&enableRefinementsSuggestions=true
298,Tire sua dúvida,Sem preço,https://tiresuaduvida.zoom.com.br
299,,Sem preço,https://www.reclameaqui.com.br/premio/votacao/servicos/154/
